<?xml version="1.0"?>
<data>
	<ERRORCODE>
		<BSFM11 name="TELNET"/>
		<BSFOAW name="TELEIN"/>
		<N0FB0F name="TEMP00"/>
		<BSFPO1 name="FLAGCK"/>
		<BSFR25 name="FSWCHK"/>
		<BSFS05 name="MBSNWR"/>
		<BSFI52 name="USBCHK"/>
		<BSFI02 name="USBMAP"/>
		<BT_CONFIG name="COPMAP"/>
		<BSFOG6 name="BTONCK"/>
		<BSFT24 name="BTRTLB"/>
		<BSFT24 name="TELNET"/>
		<INIT_CMD name="INICMD"/>
		<RMBURN name="RMBURN"/>
		<STP_SCRIPT name="STPSCR"/>
		<BP3_SIZE name="BP3SIZ"/>
		<bp3_host name="BP3HOS"/>
		<BP3_PRO name="BP3PRO"/>
		<RR_INI name="RRINI0"/>
		<FLAG_CHK_RTL name="FLAGCK"/>
		<FV_FLG_STA name="FVFLGS"/>
		<NAND name="NAND00"/>
		<EMMC_SN name="EMMCSN"/>
		<TEMP_AD_00 name="TEMPAD"/>
		<TESTSW_VER name="TSWVER"/>
		<HW_MB name="HWMBVE"/>
		<CPU name="CPU000"/>
		<IPERF_START name="IPERFS"/>
		<CT110OPEN name="CT110O"/>
		<CT110_CHK name="CT110C"/>
		<BT_ON name="BTON00"/>
		<CLR_ERR name="CLRERR"/>
		<KEY_STDB name="IRCHK0"/>
		<KEY_Reset name="KEYRST"/>
		<KEY_PWR name="KEYPWR"/>
		<KEY_BT name="KEYSTB"/>
		<ACQ_IB_01 name="ACQIB1"/>
		<SD_PATH name="SDPATH"/>
		<VIDEO_SD name="VIDESD"/>
		<VIDEO_CHK1 name="VIDEO1"/>
		<AV_ROUTE name="AVROUT"/>
		<CINCH_R name="CINCHR"/>
		<STOP_AV2 name="STOAV2"/>
		<IPERF_RD name="IPERFR"/>
		<EDID name="EDID00"/>
		<WLED_OFF name="LEDOFF"/>
		<WLED_ON name="WLEDON"/>
		<ACL1_OFF name="ACLOFF"/>
		<WHT2_ON_CK name="WLONCK"/>
		<GRN_ON_CK name="GLONCK"/>
		<RED_ON_CK name="RLONCK"/>
		<USB_OVERLOAD name="USBOVE"/>
		<STBSN_C name="STBSNC"/>
		<MBSN_WR name="MBSNWR"/>
		<MBSN_RD name="MBSNRD"/>
		<TOCOM_WR name="TOCOMW"/>
		<TOCOM_RD name="TOCOMR"/>
		<STB_WR name="STBWR0"/>
		<STB_RD name="STBRD0"/>
		<GLADIUS_ID name="GLADIU"/>
		<IDCHK name="IDCHK0"/>
		<ETHW name="MAC0WR"/>
		<ETHR name="MAC0RD"/>
		<BTW name="MAC1WR"/>
		<BTR name="MAC1RD"/>
		<UNZIP_DA name="UNZIPD"/>
		<UNZIP_TIBIN name="UNZIPT"/>
		<CLI_CERT name="CLCERT"/>
		<CLI_CERT_SHA1_ASC_GEN name="CLIASC"/>
		<CLI_CERT_SHA1_BIN_GEN name="CLIBIN"/>
		<ROOT_CA name="ROOTCA"/>
		<RO_CA_SHA1_ASC_GEN name="ROCASC"/>
		<RO_CA_SHA1_BIN_GEN name="ROCBIN"/>
		<DCB_CA name="DCBCA0"/>
		<DCB_CA_SHA1_ASC_GEN name="DCBASC"/>
		<SSL_KEY name="SSLKEY"/>
		<CERT_MD5 name="CERMD5"/>
		<CA_MD5 name="CA0MD5"/>
		<WRT_KEY name="WRTKEY"/>
		<SET_DATE name="SEDATE"/>
		<DCB_CHK name="DCBCHK"/>
		<X509_CHK name="X509CK"/>
		<IDCHK1 name="IDCHK1"/>
		<GOTASN_C name="GOTASN"/>
		<GOTA_WR name="GOTAWR"/>
		<GOTA_RD name="GOTARD"/>
		<HDCP14_SHA1_ASC_GEN name="P14ASC"/>
		<HDCP14_SHA1_BIN_GEN name="P14BIN"/>
		<TFTP_HDCP22 name="DHCP22"/>
		<HDCP22_MD5 name="MD5P22"/>
		<WRT_HDCP22 name="WRTP22"/>
		<HDCP22_CHK name="CHKP22"/>
		<TFTP_WV name="TFTPWV"/>
		<WV_MD5 name="WV0MD5"/>
		<WRT_WV name="WRT0WV"/>
		<WV_CHK name="WV0CHK"/>
		<TFTP_ATT name="TFTATT"/>
		<WRT_ATT name="WRTATT"/>
		<ATT_CHK name="ATTCHK"/>
		<UNZIP_PR25 name="UNZI25"/>
		<UNZIP_PR30 name="UNZI30"/>
		<TFTP_PR25 name="TFTP25"/>
		<TFTP_PR30 name="TFTP30"/>
		<WRT_PR25 name="WRTR25"/>
		<WRT_PR30 name="WRTR30"/>
		<CP_INDIDATA name="CPINDI"/>
		<FV_FLG name="FVFLG0"/>
		<HWCFG_CHMOD name="HCHMOD"/>
		<SYN name="SYN000"/>
		<RST_CHK1 name="RSTHK1"/>
		<RST_CHK2 name="RSTHK2"/>
		<RST_CHK3 name="RSTHK3"/>
		<FXC_UPLD name="ID005"/>
		<FIX_CLOSE name="FIXCLO"/>

	</ERRORCODE>
</data>
	





