<?xml version="1.0"?>
<data>
	<ERRORCODE>
		<BENCH_AC_00 name= "BENCH0"/>
        <BENCH_AA_01 name= "BENCH1"/>
        <TRACA_AB_00 name = "TRACA0"/>
        <DATAFILE_PATH name = "DATAPL"/>
        <Fixture_Init name = "FIXINT"/>
        <TLNET_AD_00 name = "TELNET"/>
        <TLNET_IN name = "TELNET"/>
        <TEMP_AD_00 name = "TEMP00"/>
        <TESTSW_VER name = "FSWVER"/>
        <HW_MB name = "HWMB00"/>
        <MBSN_WR name = "MBSNWR"/>
        <MBSN_RD name = "MBSNRD"/>
        <FLAG_CHK_RTL name = "FLAGCK"/>
        <FLG_PROD name = "FLPROD"/>
        <FLG_DEV name = "FLGDEV"/>
        <FLG_DEV-SEC name = "FLDEVS"/>
        <DUT_5GDRV name = "D5GDRV"/>
        <PWR2_WLAN_DOWN name = "WLANDN"/>
        <W15G_CH40_SET name = "40SET1"/>
        <W15G_CH80 name = "VSA18"/>
        <W15G_CH40_PWR name = "PW15C4"/>
        <W15G_CH40_FRQ name = "FW15C4"/>
        <W15G_CH100_SET name = "10SET1"/>
        <W15G_CH100_PWR name = "PW15C1"/>
        <W15G_CH100_FRQ name = "FW15C1"/>
        <W15G_CH136_SET name = "13SET1"/>
        <W15G_CH136_PWR name = "PW15C6"/>
        <W15G_CH136_FRQ name = "FW15C6"/>
        <W25G_CH40_SET name = "40SET2"/>
        <W25G_CH40_PWR name = "PW25C4"/>
        <W25G_CH40_FRQ name = "FW25C4"/>
        <W25G_CH100_SET name = "10SET2"/>
        <W25G_CH100_PWR name = "PW25C1"/>
        <W25G_CH100_FRQ name = "FW25C1"/>
        <W25G_CH136_SET name = "13SET2"/>
        <W25G_CH136_PWR name = "PW25C6"/>
        <W25G_CH136_FRQ name = "FW25C6"/>
        <W35G_CH40_SET name = "40SET3"/>
        <W35G_CH40_PWR name = "PW35C4"/>
        <W35G_CH40_FRQ name = "FW35C4"/>
        <W35G_CH100_SET name = "10SET3"/>
        <W35G_CH100_PWR name = "PW35C1"/>
        <W35G_CH100_FRQ name = "FW35C1"/>
        <W35G_CH136_SET name = "13SET3"/>
        <W35G_CH136_PWR name = "PW35C6"/>
        <W35G_CH136_FRQ name = "FW35C6"/>
        <W45G_CH40_SET name = "40SET4"/>
        <W45G_CH40_PWR name = "PW45C4"/>
        <W45G_CH40_FRQ name = "FW45C4"/>
        <W45G_CH100_SET name = "10SET4"/>
        <W45G_CH100_PWR name = "PW45C1"/>
        <W45G_CH100_FRQ name = "FW45C1"/>
        <W45G_CH136_SET name = "13SET4"/>
        <W45G_CH136_PWR name = "PW45C6"/>
        <W45G_CH136_FRQ name = "FW45C6"/>
        <FREQ_WLAN_DOWN name = "WLANDN"/>
        <W15G_FREQ_SET name = "FRSET1"/>
        <BT_GET_ON name = "GEBTON"/>
        <BT_ON name = "BTON00"/>
        <HCI-OPEN name = "HCIOPE"/>
        <BT-GEN name = "BTGEN0"/>
        <BTGEN244400 name = "BTGEN2"/>
        <CH39_FREQ name = "FRCH39"/>
        <CH39_PWR name = "PWCH39"/>
        <HCI-CLOSE name = "HCICLO"/>
        <CPU_REF name = "CPUREF"/>
        <CPU_ID name = "CPUID0"/>
        <MBSN_WR name = "MBSNWR"/>
        <MBSN_RD name = "MBSNRD"/>
        <STB_WRITE name = "STBWRT"/>
        <STB_RD name = "STBRD0"/>
        <TOCOM_WR name = "TOCOWR"/>
        <TOCOM_RD name = "TOCORD"/>
        <bp3_status name = "BP3STA"/>
        <bp3_host name = "PB3HOS"/>
        <BP3_PRO name = "BP3PRO"/>
        <bp3_host_kill name = "PB3HOK"/>
        <BP3_MD5_CHK name = "BP3MD5"/>
        <BP3_TFTP name = "BP3TFT"/>
        <REBOOT name = "REBOOT"/>
        <RE_TLNET_IN name = "RTELNE"/>
        <RE_TSTSW_ID_00 name = "RFSWID"/>
        <HDCP2.2_SHA1 name = "HDCP22"/>
        <GLADIUS_ID name = "GLADIU"/>
        <IDCHK name = "IDCHK0"/>
        <ETHW name = "ETHW00"/>
        <ETHR name = "ETHR00"/>
        <WIFIW name = "WIFIW0"/>
        <WIFIR name = "WIFIR0"/>
        <BTW name = "BTW000"/>
        <BTR name = "BTR000"/>
        <UNZIP_DA name = "UNZIPD"/>
        <CLI_CERT name = "CLICER"/>
        <HDCP1.4_SHA1 name = "HDCP14"/>
        <TFTP_HDCP22 name = "TFTP22"/>
        <WRT_HDCP22 name = "WRTP22"/>
        <FV_FLG_PROD name = "FLPROD"/>
        <FV_FLG_DEV name = "FLGDEV"/>
        <FV_FLG_DEV-SEC name = "FLDEVS"/>
        <TEMP_AD_00 name = "TEMP00"/>
        <CP_INDIDATA name = "CPDATA"/>
        <COPY_DIR name = "COPDIR"/>
        <SYN name = "SYN000"/>
        <FIS_DATA name = "ID002"/>
        <FIX_CLOSE name = "ID002"/>
        <FIX_CLOSE name = "FIXCS"/>

	</ERRORCODE>
</data>