<?xml version="1.0"?>
<data>
	<ERRORCODE>
		<OSC_OPEN name="OSCOPN"/>
		<TOMS_NAME name="TOMSNA"/>
		<TRACES name="TRACES"/>
		<FIS_SEND name="FISSD"/>
		<BENCH_AC_01 name="BENC01"/>
		<TRACA_AB_01 name="TRAB01"/>
		<TB_CIS name="TBCIS0"/>
		<TB_TFTP name="TBTFTP"/>
		<TLNET_IN name="TELNET"/>
		<TSTSW_ID_00 name="TSSWID"/>
		<TRACES name="TRACES"/>
		<TLNET_IN name="TELNET"/>
		<FIX_CLOSE name="FIXCL"/>
		<TEMP_AD_00 name="TEMP00"/>
		<RMBURN name="RMBURN"/>
		<STP_SCRIPT name="SCRIPT"/>
		<FLAG_CHK_CTB name="FLCHEK"/>
		<FLAG_CHK_PROD name="FLPROD"/>
		<FLAG_PROD name="FLAGPR"/>
		<FLAG_CHK_DEV name="FLGDEV"/>
		<FLAG_CHK_DEV_SEC name="FLDEVS"/>
		<FLAG_DEV_SEC name="FLAGDS"/>
		<MW_VER name="MWVER0"/>
		<FSW_VER name="FSWVER"/>
		<HW_MB name="HWMB00"/>
		<CPU_REF name="CPUREF"/>
		<CPU_ID name="CPUID0"/>
		<RR_INI name="RRINI0"/>
		<eMMC_REF name="EMMCRF"/>
		<EMMC_CID name="EMMCSN"/>
		<sdx_PART name="SDPART"/>
		<usb_PART name="USPART"/>
		<SD_CID name="SDCID0"/>
		<USB_SHORT name="USBSHT"/>
		<USB_STA name="USBSTA"/>
		<USB name="USBPWR"/>
		<STB_SN name="STBSNR"/>
		<MB_SN name="MBSNR0"/>
		<TOCOM_SN name="TOCOMR"/>
		<MAC0_Read name="MAC0RD"/>
		<MAC0_CHECK name="MAC0CK"/>
		<MAC1_Read name="MAC1RD"/>
		<MAC1_CHECK name="MAC1CK"/>
		<MAC2_Read name="MAC2RD"/>
		<MAC2_CHECK name="MAC2CK"/>
		<MAC3_Read name="MAC3RD"/>
		<MAC3_CHECK name="MAC3CK"/>
		<KEY_PWR name="KEYRST"/>
		<KEY_ name="KEYWIF"/>
		<KEY_Reset name="KEYIR0"/>
		<USB_PATH name="USBPTH"/>
		<ACQ_IB_01 name="ACQIB1"/>
		<LED_OFF name="LEDOFF"/>
		<ACL1_OFF name="ACLOFF"/>
		<WLED_ON name="WLEDON"/>
		<WHT2_ON_CK name="WLEDCK"/>
		<TFT_WHITE name="LCDWCK"/>
		<TFT_RED name="LCDRCK"/>
		<LCD_JPG name="LCDJPG"/>
		<CT110OPEN name="CT110O"/>
		<CT110_CHK name="CT110C"/>
		<HDMI_TV name="HDMITV"/>
		<IPERF_START name="IPERFS"/>
		<HDCP1.4_ON name="HDCP14"/>
		<EDID name="EDID00"/>
		<FE0_SET name="FE0SET"/>
		<FE0_LOCK name="FELOCK"/>
		<SET_CH5 name="SETCH5"/>
		<RUN_AV1 name="RUNAV1"/>
		<FE0_SNR name="FE0SNR"/>
		<FE0_BER name="FE0BER"/>
		<VIDEO_OP name="VIDEOC"/>
		<STOP_AV name="STOPAV"/>
		<RUN_AV1 name="RUNAV1"/>
		<VIDEO_CHK1 name="VIDEO1"/>
		<AV_ROUTE name="AVROUT"/>
		<CINCH_R name="CINCHR"/>
		<ACQ_END name="ACQEND"/>
		<BT_GET_ON name="GEBTON"/>
		<BT_ON name="BTON00"/>
		<BT_SCAN name="BTSCAN"/>
		<BT_RSSI name="BTRSSI"/>
		<SDCARD_RENAME name="SDRENA"/>
		<RENAME_UPD name="RENUPD"/>
		<WIFI_SET_ON name="WIFION"/>
		<GET_ROUTNAME name="GETROU"/>
		<GET_ROUTNAMETCH name="GETROT"/>
		<WIFI_CONNECT_5G name="WIFICN"/>
		<WIFI_IP name="WIFIIP"/>
		<WIFI_CH name="WIFICH"/>
		<WIFI_ANT1 name="WIFIAT1"/>
		<WIFI_DCNX name="WIFIDC"/>
		<IPERF_RD name="IPERFR"/>
		<SET_DATE name="SETDAT"/>
		<GLADIUS_ID name="GLADIU"/>
		<UNZIP_TIBIN name="UNZIPT"/>
		<UNZIP_PR25 name="UNZIP5"/>
		<UNZIP_PR30 name="UNZIP0"/>
		<TFTP_PR25 name="TFTP25"/>
		<TFTP_PR30 name="TFTP30"/>
		<PR25_SHA1 name="PR25A1"/>
		<PR30_SHA1 name="PR30A1"/>
		<WRT_PR25 name="WRTR25"/>
		<WRT_PR30 name="WRTR30"/>
		<TFTP_WV name="TFTPWV"/>
		<WV_SHA1 name="WVSHA1"/>
		<WRT_WV name="WRTWV0"/>
		<GOTA_WR name="GOTAWR"/>
		<GOTASN_RD name="GOTARD"/>
		<CLI_CERT name="CLICER"/>
		<CLCERT_SHA1 name="CLSHA1"/>
		<ROOT_CA name="ROOTCA"/>
		<ROOTCA_SHA1 name="CASHA1"/>
		<DCB-PUB name="DCBPUB"/>
		<DCBPUB_SHA1 name="DCSHA1"/>
		<SSL_KEY name="SSLKEY"/>
		<WV_SHA1 name="WVSHA1"/>
		<WRT_KEY name="WRTKEY"/>
		<DCB_CHK name="DCBCHK"/>
		<X509_CHK name="X509CH"/>
		<TFTP_ATT name="TFTPAT"/>
		<WRT_ATT name="WRTATT"/>
		<UNZIP_BRETTON_DEV name="UNZDEV"/>
		<UNZIP_BRETTON_PROD name="UNPROD"/>
		<UNZIP_BRETTON_EXS name="UNZEXS"/>
		<SEND_BRETTON_DEV name="SENDEV"/>
		<BRDEV_SHA1 name="DVSHA1"/>
		<WRT_BRETTON_DEV name="WRTDEV"/>
		<SEND_BRETTON_Prod name="SEPROD"/>
		<BRPROD_SHA1 name="PRSHA1"/>
		<SEND_EXS name="SENEXS"/>
		<EXS_SHA1 name="EXSHA1"/>
		<PROD_SAGE name="PRODSA"/>
		<TB1_SAGE name="TB1SAG"/>
		<EXSPROD_SHA1 name="EPSHA1"/>
		<COPYEXS_ROOT_CA name="CEXRCA"/>
		<EXS_CHK_TB1 name="EXSTB1"/>
		<BURN_AD_06 name="BUAD06"/>
		<BURN_AD_05 name="BUAD05"/>
		<BURN_AD_08 name="BUAD08"/>
		<BI_CP_4K name="BICP4K"/>
		<MOV1_CHK name="MOV1CH"/>
		<BURN_ON name="BURNON"/>
		<BURN_DATA01 name="DATA01"/>
		<BURN_DATA02 name="DATA02"/>
		<BURN_DATA03 name="DATA03"/>
		<BURN_DEL name="BURDEL"/>
		<BTC_RETRIV name="BTCRIV"/>
		<DLD_VER name="DLDVER"/>
		<DLD_VER_CHK name="DLDVEC"/>
		<DLD_MD5 name="DLDMD5"/>
		<DLD_MD5_CHK name="DLMD5C"/>
		<SDCARD_NAMECHECK name="SDNACH"/>
		<LOCK_SD name="LOCKSD"/>
		<JTAG_LOCK name="JTAGLK"/>
		<CT-PROD_FLG name="CFPROD"/>
		<DEV_FLG name="CTDEVF"/>
		<CTB_FLG name="CTBFLG"/>
		<DEV_SEC_FLG name="CTDVSF"/>
		<CP_INDIDATA name="CPDATA"/>
		<HWCFG_CHMOD name="CHMOD0"/>
		<COPY_DIR name="COPDIR"/>
		<DISQR name="DISQR0"/>
		<SYN name="SYN000"/>
		<DEV_SPACE name="DEVSPA"/>
		<FIS_DATA name="FISDA"/>
		<FIS_SEND name="FISSE"/>
		<FIX_CLOSE name="FIXCL"/>











	</ERRORCODE>
</data>
	





