<?xml version="1.0"?>
<data>
	<ERRORCODE>
		<PWR_ON name="PWRON0"/>
        <TOMS_NAME name="TOMSNA"/>
        <FX_CTS name="ID005"/>
        <TB_TBC name="TBTBC0"/>
        <Fixture_Init name="FIXINIT"/>
        <TRACES name="TRACES"/>
        <TRACA_AB_01 name="TRAB01"/>
        <STBSN_C name="STBSNC"/>
        <SFIS name="SFIS00"/>
        <BENCH_AC_01 name="BEAC01"/>
        <TB_CIS name="TBCIS0"/>
        <TB_TFTP name="TBTFTP"/>
        <TLNET_IN name="TELNET"/>
        <RMBURN name="RMBURN"/>
        <STP_SCRIPT name="SCRIPT"/>
        <BP3_SIZE name="BP3SIZ"/>
        <bp3_host name="PB3HOS"/>
        <BP3_PRO name="BP3PRO"/>
        <FLAG_CHK_RTL name="FLAGCK"/>
        <FV_FLG_STA name="FLGSTA"/>
        <CLR_ERR name="CLRERR"/>
        <EMMC_Ref name="EMMCRF"/>
        <EMMC_SN name="EMMCSN"/>
        <TEMP_AD_00 name="TEMPAD"/>
        <TESTSW_VER name="TESTSW"/>
        <FW_VER name="FWVER0"/>
        <HW_ID_MB name="HWIDMB"/>
        <HW_VER_MB name="HWVEMB"/>
        <CPU_Ref name = "CPUREF"/>
        <CPU_SN name = "CPUSN0"/>
        <IPERF_START name = "IPERFS"/>
        <CT110_OPEN name = "CT110O"/>
        <CT110_CHK name = "CT110C"/>
        <KEY_STDB name = "KEYSTB"/>
        <KEY_IR name = "KEYIR0"/>
        <KEY_BT name = "KEYTOP"/>
        <KEY_PWR name = "KEYPWR"/>
        <CLR_ERR name = "CLRERR"/>
        <EDID name = "EDID00"/>
        <ACQ_IB_01 name = "ACQIB1"/>
        <WLED_OFF name = "WLEOFF"/>
        <ACL1_OFF name = "ACLOFF"/>
        <RED_ON name = "REDON0"/>
        <RED_ON_CK name = "REDONC"/>
        <GRN_ON name = "GRNON0"/>
        <GRN_ON_CK name = "GRNONC"/>
        <GLED_ON2 name = "GLEON2"/>
        <USB_OVERLOAD name = "USBOVE"/>
        <FE2_SET name = "FE2SET"/>
        <FE2_LOCK name = "FE2LOK"/>
        <FE2_SNR name = "FE2SNR"/>
        <FE2_BER name = "FE2BER"/>
        <SET_CH5 name = "SETCH5"/>
        <RUN_AV2 name = "RUNAV2"/>
        <VPC_Codec02 name = "VPCD02"/>
        <VPC_SFF02 name = "VPCS02"/>
        <VPC_P11 name = "VPCP11"/>
        <STOP_AV2 name = "STOAV2"/>
        <FE0_SET name = "FE0SET"/>
        <FE0_LOCK name = "FE0LOK"/>
        <FE0_SNR name = "FE0SNR"/>
        <FE0_AGC name = "FE0AGC"/>
        <VIDEO_CHK1 name = "VIDEO1"/>
        <SPDIF_AU_SR name = "SPDIFS"/>
        <SND41 name = "SND041"/>
        <SND42_LEVRIGHT name = "SND42R"/>
        <SND43_FREQRIGHT name = "SND43F"/>
        <IPERF_RD name = "IPERFR"/>
        <WIFI_SET_ON name = "WIFION"/>
        <GET_ROUTNAME name = "GETNAM"/>
        <WIFI_CONNECT_2G name = "WIFI2G"/>
        <WIFI_IP name = "WIFIIP"/>
        <WIFI_CH name = "WIFICH"/>
        <WIFI_ANT1 name = "WIFIA1"/>
        <WIFI_DCNX name = "WIFIDC"/>
        <ACQ_END name = "ACQEND"/>
        <MBSN_WR name = "MBSNWR"/>
        <MBSN_RD name = "MBSNRD"/>
        <TOCOM_WR name = "TOCOMW"/>
        <TOCOM_RD name = "TOCOMR"/>
        <STB_WR name = "STBWR0"/>
        <STB_RD name = "STBRD0"/>
        <GLADIUS_ID name = "GLADIU"/>
        <IDCHK name = "IDCHK0"/>
        <ETHW name = "ETHW00"/>
        <ETHR name = "ETHR00"/>
        <W24GW name = "W24GW"/>
        <BTW name = "BTW003"/>
        <BTR name = "BTR003"/>
        <UNZIP_DA name = "UNZIPD"/>
        <TFTP_HDCP14 name = "HDCP14"/>
        <CERT_MD5 name = "CERMD5"/>
        <HDCP14_SHA1_ASC_GEN name = "HDCP14"/>
        <HDCP14_SHA1_BIN_GEN name = "HDCP14"/>
        <TFTP_HDCP22 name = "HDCP22"/>
        <WRT_HDCP22 name = "HDCP22"/>
        <HDCP22_CHK name = "HDCP22"/>
        <GOTA_WR name = "GOTAWR"/>
        <GOTA_RD name = "GOTARD"/>
        <CP_INDIDATA name = "CPINDA"/>
        <FV_FLG name = "FVFLAG"/>
        <TEMP_AD_00 name = "TEMPAD"/>
        <HWCFG_CHMOD name = "HCHMOD"/>
        <SYN name = "SYN000"/>
        <FXC_UPLD name = "ID005"/>
        <FIX_OPN name = "FIXPN"/>

	</ERRORCODE>
</data>