<?xml version="1.0"?>
<data>
	<ERRORCODE>
	    <CT110_OPEN name="CT110O"/>
        <CT110_CHK name="CT110C"/>
        <CT110_LOOP name ="CT110L"/>
        <TELNET_IN name ="TELNET"/>
        <N0FB0F name ="N0FB0F"/>
        <FLAG_CHK name ="FLAGCK"/>
        <FLAG_WRT name ="FLAGWR"/>
        <FSW_CHK name ="FSWCHK"/>
        <HW_CHECK name ="HWCHCK"/>
        <FSW_CHECK name ="FSWCHK"/>
        <HW_CHECK name ="HWCHEK"/>
        <STBSN_CHK name ="STBSNC"/>
        <MBSN_CHK name ="MBSNCK"/>
        <TOCOM_CHK name ="TOCOMC"/>
        <MAC0_CHK name ="MAC0CK"/>
        <MAC4_CHK name ="MAC4CK"/>
        <GGID_CHK name ="GGIDCK"/>
        <eMMC_RFRE name = "EMMCRF"/>
        <eMMC_CHK name ="EMMCCK"/>
        <FLASH_CHK name ="FLASHC"/>
        <USB_SHORT name ="USBSRT"/>
        <USBSIDE name ="USBSID"/>
        <USB_STATUS name = "USBSTS"/>
        <USB_BOTTOM name ="USBBTM"/>
        <ACQ_TUNED name ="ACQTUN"/>
        <LED1OFF name ="LED1OF"/>
        <LED2OFF name ="LED2OF"/>
        <LEDOFF_CHK name ="LEDFFC"/>
        <LED1ON name ="LED1ON"/>
        <LED1_WHT_CHECK name ="LED1WH"/>
        <LED1_BLUE_CHECK name ="LED1BL"/>
        <LED1_GREEN_CHECK name ="LED1GR"/>
        <LEDOFF name ="LEDOFF"/>
        <N0FM1Z name = "N0FM1Z"/>
        <LED2_BLUE_CHECK name ="LED2BL"/>
        <CPU_REFN name ="CPUREF"/>
        <CPU_FCC name ="CPUFCC"/>
        <CPU_ID name ="CPUID0"/>
        <BP3_CHECK name ="BP3CHK"/>
        <BSFS03 name ="BSFS03"/>
        <BP3_HOST name ="BP3HST"/>
        <BP3_PROVISION name ="BP3PRV"/>
        <PB3_CONFIG name ="PB3CFG"/>
        <PB3_HOSTKILL name ="PB3HSK"/>
        <SYNC name ="SYNC00"/>
        <BTON name ="BTON00"/>
        <BTSCAN name ="BTSCAN"/>
        <ACQ_SWITCH name ="ACQSWT"/>
        <BSFW82 name ="BSFW82"/>
        <USB_PATH name = "USBPTH"/>
        <FE0_VIDEO name ="FE0VID"/>
        <BSFO12 name ="BSFO12"/>
        <AV_SET name ="AVSET0"/>
        <RUN_VIDEO name ="RUNVID"/>
        <BSFT01 name ="BSFT01"/>
        <SYNC name ="SYNC00"/>
        <BSFS03 name ="SYNC00"/>
        <BSFO40 name ="BSFO40"/>
        <BSFY49 name ="SYNC00"/>
        <SYNC name ="SYNC00"/>
        <SYNC name ="SYNC00"/>
        <SYNC name ="SYNC00"/>
        <SYNC name ="SYNC00"/>
        <SYNC name ="SYNC00"/>
        <SYNC name ="SYNC00"/>
        <SYNC name ="SYNC00"/>
        <SYNC name ="SYNC00"/>
        <SYNC name ="SYNC00"/>
        <SYNC name ="SYNC00"/>
        <SYNC name ="SYNC00"/>
        <SYNC name ="SYNC00"/>
        <SYNC name ="SYNC00"/>
        <SYNC name ="SYNC00"/>
        <SYNC name ="SYNC00"/>
        <SYNC name ="SYNC00"/>
        <SYNC name ="SYNC00"/>
        <SYNC name ="SYNC00"/>
        <SYNC name ="SYNC00"/>
        <SYNC name ="SYNC00"/>
        <SYNC name ="SYNC00"/>
        <SYNC name ="SYNC00"/>
        <SYNC name ="SYNC00"/>
        <SYNC name ="SYNC00"/>
        <SYNC name ="SYNC00"/>
        <SYNC name ="SYNC00"/>
        <SYNC name ="SYNC00"/>
        <SYNC name ="SYNC00"/>
        <SYNC name ="SYNC00"/>
        <SYNC name ="SYNC00"/>
        <SYNC name ="SYNC00"/>
        <SYNC name ="SYNC00"/>
        <SYNC name ="SYNC00"/>
	</ERRORCODE>
</data>