<?xml version="1.0"?>
<data>
    <Project>
        <!--Mô tả: tên hàng, tên trạm, độ dài SFC phản hồi để bắt đầu test, độ dài TMM gửi PASS-->
        <project_name name = "HSV2034TAT"/>
        <project_station name = "FV"/>
        <project_start name = "10"/>
        <project_pass name = "15"/>
    </Project>

	<ResultServer>
        <!--Mô tả: Địa chỉ Monitor server, Cổng giao tiếp, Tên CELL test-->
		<IP name= "10.228.82.57"/>
        <PORT name= "6666"/>
        <CELL_ID name = "CELL1"/>
	</ResultServer>
    <VersionSever>
        <!--Mô tả: Địa chỉ Check version server, Cổng giao tiếp-->
		<IP name= "10.228.82.57"/>
        <PORT name= "6666"/>
	</VersionSever>
    <Controlmode>
         <!--Mô tả: Mode kiểm tra version, Mode dùng một màn hình, độ dài SN-->
        <versionmode name = "ENABLE"/>
        <Resultmode name = "DISABLE"/>
        <SNLen name = '18'/>
    </Controlmode>
    <Barcode>
         <!--Mô tả: Ký tự cố định, Mã code -->
        <PRIFIX name = '18000'/>
        <CODE name = 'CODE18'/>
    </Barcode>
    <TestStandard>
         <!--Mô tả:Loại thiết bị tiêu hao sử dụng và số lượng sử dụng -->
        <devices1 name = "HDMI CABLE(10k)"/>
        <target1 name = "10000"/>
        <devices2 name = "USB CABLE(10k)"/>
        <target2 name = "10000"/>
        <devices3 name = "RCA CABLE(10k)"/>
        <target3 name = "10000"/>
        <devices4 name = "POWER CABLE(10k)"/>
        <target4 name = "10000"/>
        <devices5 name = "NA"/>
        <target5 name = "10000"/>
    </TestStandard>
</data>